"Supplied Name","guid","scientificName","family","kingdom"
"Sanguisorba officinalis","NBNSYS0000003387","Sanguisorba officinalis","Rosaceae","Plantae"
"Prunus padus","NBNSYS0000003419","Prunus padus","Rosaceae","Plantae"
"Dianthus deltoides","NBNSYS0000003013","Dianthus deltoides","Caryophyllaceae","Plantae"
"Petrosedum forsterianum","NHMSYS0000463386","Sedum forsterianum","Crassulaceae","Plantae"
"Riccia fluitans","NHMSYS0000310449","Riccia fluitans","Ricciaceae","Plantae"
"Helleborus foetidus","NBNSYS0000002693","Helleborus foetidus","Ranunculaceae","Plantae"
"Melica uniflora","NBNSYS0000002568","Melica uniflora","Poaceae","Plantae"
"Narcissus pseudonarcissus ssp. pseudonarcissus","NBNSYS0000002256","Narcissus pseudonarcissus subsp. pseudonarcissus","Amaryllidaceae","Plantae"
"Carex pulicaris","NBNSYS0000002492","Carex pulicaris","Cyperaceae","Plantae"
"Grimmia montana","NHMSYS0000309973","Grimmia montana","Grimmiaceae","Plantae"
"Climacium dendroides","NHMSYS0000309639","Climacium dendroides","Climaciaceae","Plantae"
"Filago germanica","NHMSYS0000458841","Filago lutescens","Asteraceae","Plantae"
"Sphagnum inundatum","NHMSYS0000310674","Sphagnum inundatum","Sphagnaceae","Plantae"
"Menyanthes trifoliata","NBNSYS0000003976","Menyanthes trifoliata","Menyanthaceae","Plantae"
"Rubus saxatilis","NBNSYS0000003318","Rubus saxatilis","Rosaceae","Plantae"
"Cladium mariscus","NBNSYS0000002409","Cladium mariscus","Cyperaceae","Plantae"
"Coeloglossum viride","NHMSYS0000457408","Coeloglossum viride","Orchidaceae","Plantae"
"Stellaria palustris","NHMSYS0000464012","Stellaria palustris","Caryophyllaceae","Plantae"
"Lathyrus sylvestris","NBNSYS0000003303","Lathyrus sylvestris","Fabaceae","Plantae"
"Rosa micrantha","NHMSYS0000462468","Rosa micrantha","Rosaceae","Plantae"
"Scrophularia umbrosa","NBNSYS0000004080","Scrophularia umbrosa","Scrophulariaceae","Plantae"
"Rumex maritimus","NBNSYS0000003800","Rumex maritimus","Polygonaceae","Plantae"
"Rhytidiadelphus triquetrus","NHMSYS0021597852","Hylocomiadelphus triquetrus","Hylocomiaceae","Plantae"
"Dicranum majus","NBNSYS0000036228","Dicranum majus","Dicranaceae","Plantae"
"Galeopsis speciosa","NHMSYS0000458954","Galeopsis speciosa","Lamiaceae","Plantae"
"Trifolium campestre","NHMSYS0000464564","Trifolium campestre","Fabaceae","Plantae"
"Lamiastrum galeobdolon","NBNSYS0000004239","Lamiastrum galeobdolon","Lamiaceae","Plantae"
"Inula conyzae","NBNSYS0000004397","Inula conyzae","Asteraceae","Plantae"
"Potamogeton perfoliatus","NBNSYS0000002134","Potamogeton perfoliatus","Potamogetonaceae","Plantae"
"Sphagnum fimbriatum","NHMSYS0000310667","Sphagnum fimbriatum","Sphagnaceae","Plantae"
"Scirpus sylvaticus","NBNSYS0000002382","Scirpus sylvaticus","Cyperaceae","Plantae"
"Clinopodium vulgare","NBNSYS0000004217","Clinopodium vulgare","Lamiaceae","Plantae"
"Carex spicata","NHMSYS0000456896","Carex spicata","Cyperaceae","Plantae"
"Alchemilla xanthochlora","NBNSYS0000003379","Alchemilla xanthochlora","Rosaceae","Plantae"
"Galeopsis angustifolia","NBNSYS0000004249","Galeopsis angustifolia","Lamiaceae","Plantae"
"Luronium natans","NBNSYS0000002100","Luronium natans","Alismataceae","Plantae"
"Andreaea rothii","NHMSYS0000309335","Andreaea rothii","Andreaeaceae","Plantae"
"Dactylorhiza praetermissa","NHMSYS0000457949","Dactylorhiza praetermissa","Orchidaceae","Plantae"
"Thalictrum flavum","NBNSYS0000002744","Thalictrum flavum","Ranunculaceae","Plantae"
"Erigeron acris","NHMSYS0021126192","Erigeron acris","Asteraceae","Plantae"
"Legousia hybrida","NBNSYS0000004293","Legousia hybrida","Campanulaceae","Plantae"
"Myriophyllum alterniflorum","NBNSYS0000003610","Myriophyllum alterniflorum","Haloragaceae","Plantae"
"Wahlenbergia hederacea","NHMSYS0000464951","Wahlenbergia hederacea","Campanulaceae","Plantae"
"Luzula multiflora","NBNSYS0000002247","Luzula multiflora","Juncaceae","Plantae"
"Juncus bulbosus","NBNSYS0000002234","Juncus bulbosus","Juncaceae","Plantae"
"Apium inundatum","NHMSYS0000455995","Apium inundatum","Apiaceae","Plantae"
"Centunculus minimus","NBNSYS0000143890","Centunculus minimus","Primulaceae","Plantae"
"Poa compressa","NBNSYS0000002553","Poa compressa","Poaceae","Plantae"
"Potamogeton friesii","NBNSYS0000002136","Potamogeton friesii","Potamogetonaceae","Plantae"
"Pedicularis palustris","NBNSYS0000004130","Pedicularis palustris","Orobanchaceae","Plantae"
"Catabrosa aquatica","NHMSYS0000456975","Catabrosa aquatica","Poaceae","Plantae"
"Moenchia erecta","NHMSYS0000460745","Moenchia erecta","Caryophyllaceae","Plantae"
"Pinguicula vulgaris","NBNSYS0000004184","Pinguicula vulgaris","Lentibulariaceae","Plantae"
"Pimpinella saxifraga","NBNSYS0000003682","Pimpinella saxifraga","Apiaceae","Plantae"
"Kickxia elatine","NBNSYS0000004075","Kickxia elatine","Plantaginaceae","Plantae"
"Helianthemum nummularium","NHMSYS0000459266","Helianthemum nummularium","Cistaceae","Plantae"
"Potamogeton polygonifolius","NHMSYS0000461999","Potamogeton polygonifolius","Potamogetonaceae","Plantae"
"Potentilla argentea","NBNSYS0000003342","Potentilla argentea","Rosaceae","Plantae"
"Gentianella amarella","NHMSYS0000459016","Gentianella amarella","Gentianaceae","Plantae"
"Myosotis secunda","NHMSYS0000460819","Myosotis secunda","Boraginaceae","Plantae"
"Cicuta virosa","NBNSYS0000003674","Cicuta virosa","Apiaceae","Plantae"
"Salix purpurea","NBNSYS0000003863","Salix purpurea","Salicaceae","Plantae"
"Scandix pecten-veneris","NBNSYS0000003643","Scandix pecten-veneris","Apiaceae","Plantae"
"Ranunculus auricomus","NBNSYS0000002716","Ranunculus auricomus","Ranunculaceae","Plantae"
"Astrantia major","NBNSYS0000003635","Astrantia major","Apiaceae","Plantae"
"Carex muricata ssp. pairae","NHMSYS0020110544","Carex muricata subsp. pairae","Cyperaceae","Plantae"
"Botrychium lunaria","NBNSYS0000002091","Botrychium lunaria","Ophioglossaceae","Plantae"
"Cardamine impatiens","NBNSYS0000002874","Cardamine impatiens","Brassicaceae","Plantae"
"Geranium columbinum","NBNSYS0000003156","Geranium columbinum","Geraniaceae","Plantae"
"Ranunculus fluitans","NBNSYS0000002725","Ranunculus fluitans","Ranunculaceae","Plantae"
"Gymnadenia densiflora","NHMSYS0000459171","Gymnadenia densiflora","Orchidaceae","Plantae"
"Silaum silaus","NBNSYS0000003699","Silaum silaus","Apiaceae","Plantae"
"Viola canina","NBNSYS0000002934","Viola canina","Violaceae","Plantae"
"Dryopteris borreri","NHMSYS0000458179","Dryopteris borreri","Dryopteridaceae","Plantae"
"Saxifraga tridactylites","NBNSYS0000003498","Saxifraga tridactylites","Saxifragaceae","Plantae"
"Sorbus anglica","NHMSYS0000463794","Sorbus anglica","Rosaceae","Plantae"
"Eleocharis quinqueflora","NHMSYS0000458307","Eleocharis quinqueflora","Cyperaceae","Plantae"
"Frangula alnus","NHMSYS0000458887","Frangula alnus","Rhamnaceae","Plantae"
"Aira praecox","NBNSYS0000002625","Aira praecox","Poaceae","Plantae"
"Anthriscus caucalis","NHMSYS0000455967","Anthriscus caucalis","Apiaceae","Plantae"
"Narthecium ossifragum","NHMSYS0000460927","Narthecium ossifragum","Nartheciaceae","Plantae"
"Schoenoplectus tabernaemontani","NHMSYS0000463294","Schoenoplectus tabernaemontani","Cyperaceae","Plantae"
"Umbilicus rupestris","NBNSYS0000003488","Umbilicus rupestris","Crassulaceae","Plantae"
"Clinopodium acinos","NBNSYS0000004216","Clinopodium acinos","Lamiaceae","Plantae"
"Phegopteris connectilis","NHMSYS0000461665","Phegopteris connectilis","Thelypteridaceae","Plantae"
"Viola reichenbachiana","NHMSYS0000464896","Viola reichenbachiana","Violaceae","Plantae"
"Cirsium acaule","NBNSYS0000004494","Cirsium acaule","Asteraceae","Plantae"
"Hydrocharis morsus-ranae","NBNSYS0000002109","Hydrocharis morsus-ranae","Hydrocharitaceae","Plantae"
"Ranunculus lingua","NBNSYS0000002717","Ranunculus lingua","Ranunculaceae","Plantae"
"Drosera anglica","NBNSYS0000146364","Drosera anglica","Droseraceae","Plantae"
"Aira caryophyllea","NBNSYS0000002626","Aira caryophyllea","Poaceae","Plantae"
"Plantago coronopus","NBNSYS0000004277","Plantago coronopus","Plantaginaceae","Plantae"
"Blechnum spicant","NBNSYS0000002036","Blechnum spicant","Blechnaceae","Plantae"
"Impatiens noli-tangere","NBNSYS0000003186","Impatiens noli-tangere","Balsaminaceae","Plantae"
"Adiantum capillus-veneris","NBNSYS0000002034","Adiantum capillus-veneris","Pteridaceae","Plantae"
"Ophrys apifera","NHMSYS0000461294","Ophrys apifera","Orchidaceae","Plantae"
"Trifolium striatum","NBNSYS0000003239","Trifolium striatum","Fabaceae","Plantae"
"Baldellia ranunculoides","NBNSYS0000002099","Baldellia ranunculoides","Alismataceae","Plantae"
"Ononis repens","NBNSYS0000003215","Ononis repens","Fabaceae","Plantae"
"Isolepis setacea","NHMSYS0000459924","Isolepis setacea","Cyperaceae","Plantae"
"Lathraea squamaria","NBNSYS0000004169","Lathraea squamaria","Orobanchaceae","Plantae"
"Alchemilla glabra","NHMSYS0000455726","Alchemilla glabra","Rosaceae","Plantae"
"Aulacomnium palustre","NBNSYS0000036662","Aulacomnium palustre","Aulacomniaceae","Plantae"
"Serratula tinctoria","NBNSYS0000004513","Serratula tinctoria","Asteraceae","Plantae"
"Carlina vulgaris","NBNSYS0000004478","Carlina vulgaris","Asteraceae","Plantae"
"Potamogeton gramineus","NBNSYS0000002131","Potamogeton gramineus","Potamogetonaceae","Plantae"
"Schoenoplectus lacustris","NBNSYS0000002386","Schoenoplectus lacustris","Cyperaceae","Plantae"
"Carex elongata","NBNSYS0000002481","Carex elongata","Cyperaceae","Plantae"
"Arabis hirsuta","NBNSYS0000002889","Arabis hirsuta","Brassicaceae","Plantae"
"Epipactis phyllanthes","NHMSYS0000458454","Epipactis phyllanthes","Orchidaceae","Plantae"
"Lycopsis arvensis","NHMSYS0000455907","Anchusa arvensis","Boraginaceae","Plantae"
"Sorbus cuneifolia","NHMSYS0021123446","Sorbus cuneifolia","Rosaceae","Plantae"
"Chrysosplenium alternifolium","NBNSYS0000003511","Chrysosplenium alternifolium","Saxifragaceae","Plantae"
"Geum rivale","NBNSYS0000003363","Geum rivale","Rosaceae","Plantae"
"Alchemilla filicaulis","NBNSYS0000034246","Alchemilla filicaulis","Rosaceae","Plantae"
"Sherardia arvensis","NBNSYS0000004300","Sherardia arvensis","Rubiaceae","Plantae"
"Teesdalia nudicaulis","NHMSYS0000464359","Teesdalia nudicaulis","Brassicaceae","Plantae"
"Carex nigra","NBNSYS0000002460","Carex nigra","Cyperaceae","Plantae"
"Sphagnum denticulatum","NHMSYS0000310916","Sphagnum denticulatum","Sphagnaceae","Plantae"
"Empetrum nigrum","NBNSYS0000004598","Empetrum nigrum","Ericaceae","Plantae"
"Trichocolea tomentella","NHMSYS0000310803","Trichocolea tomentella","Trichocoleaceae","Plantae"
"Filipendula vulgaris","NBNSYS0000003315","Filipendula vulgaris","Rosaceae","Plantae"
"Sanicula europaea","NBNSYS0000003634","Sanicula europaea","Apiaceae","Plantae"
"Hieracium nemophilum","NHMSYS0020755122","Hieracium nemophilum","Asteraceae","Plantae"
"Linum catharticum","NBNSYS0000003145","Linum catharticum","Linaceae","Plantae"
"Polytrichum strictum","NHMSYS0000310397","Polytrichum strictum","Polytrichaceae","Plantae"
"Potamogeton alpinus","NHMSYS0000461993","Potamogeton alpinus","Potamogetonaceae","Plantae"
"Centunculus minimus","NBNSYS0000143890","Centunculus minimus","Primulaceae","Plantae"
"Jacobaea erucifolia","NHMSYS0021241547","Jacobaea erucifolia","Asteraceae","Plantae"
"Leucobryum glaucum","NHMSYS0021597982","Leucobryum glaucum","Leucobryaceae","Plantae"
"Trichophorum germanicum","NHMSYS0021007988","Trichophorum germanicum","Cyperaceae","Plantae"
"Saxifraga granulata","NBNSYS0000003499","Saxifraga granulata","Saxifragaceae","Plantae"
"Ranunculus peltatus","NBNSYS0000002732","Ranunculus peltatus","Ranunculaceae","Plantae"
"Hottonia palustris","NBNSYS0000003932","Hottonia palustris","Primulaceae","Plantae"
"Sphagnum compactum","NHMSYS0000310662","Sphagnum compactum","Sphagnaceae","Plantae"
"Sphagnum fallax","NHMSYS0000310665","Sphagnum fallax","Sphagnaceae","Plantae"
"Aconitum napellus","NHMSYS0000455574","Aconitum napellus","Ranunculaceae","Plantae"
"Oxalis acetosella","NBNSYS0000003175","Oxalis acetosella","Oxalidaceae","Plantae"
"Juncus compressus","NBNSYS0000002213","Juncus compressus","Juncaceae","Plantae"
"Lithospermum officinale","NBNSYS0000004016","Lithospermum officinale","Boraginaceae","Plantae"
"Vaccinium myrtillus","NBNSYS0000003915","Vaccinium myrtillus","Ericaceae","Plantae"
"Euphrasia anglica","NHMSYS0100001533","Euphrasia officinalis subsp. anglica","Orobanchaceae","Plantae"
"Carex lasiocarpa","NBNSYS0000002443","Carex lasiocarpa","Cyperaceae","Plantae"
"Cryptogramma crispa","NHMSYS0000457743","Cryptogramma crispa","Pteridaceae","Plantae"
"Cystopteris fragilis","NBNSYS0000002058","Cystopteris fragilis","Cystopteridaceae","Plantae"
"Carex elata","NBNSYS0000002456","Carex elata","Cyperaceae","Plantae"
"Anthemis cotula","NBNSYS0000004448","Anthemis cotula","Asteraceae","Plantae"
"Catapodium rigidum","NHMSYS0000456981","Catapodium rigidum","Poaceae","Plantae"
"Andromeda polifolia","NBNSYS0000003895","Andromeda polifolia","Ericaceae","Plantae"
"Carex rostrata","NBNSYS0000002426","Carex rostrata","Cyperaceae","Plantae"
"Plantago media","NBNSYS0000004274","Plantago media","Plantaginaceae","Plantae"
"Carex strigosa","NHMSYS0000456898","Carex strigosa","Cyperaceae","Plantae"
"Allium oleraceum","NBNSYS0000002197","Allium oleraceum","Amaryllidaceae","Plantae"
"Berula erecta","NHMSYS0000456451","Berula erecta","Apiaceae","Plantae"
"Euphrasia arctica","NBNSYS0000014123","Euphrasia arctica","Orobanchaceae","Plantae"
"Gymnocarpium dryopteris","NBNSYS0000002083","Gymnocarpium dryopteris","Cystopteridaceae","Plantae"
"Centaurea scabiosa","NBNSYS0000004501","Centaurea scabiosa","Asteraceae","Plantae"
"Epipactis purpurata","NHMSYS0000458456","Epipactis purpurata","Orchidaceae","Plantae"
"Scutellaria minor","NHMSYS0000463361","Scutellaria minor","Lamiaceae","Plantae"
"Hypericum humifusum","NBNSYS0000002964","Hypericum humifusum","Hypericaceae","Plantae"
"Pyrola minor","NBNSYS0000004590","Pyrola minor","Ericaceae","Plantae"
"Potamogeton compressus","NBNSYS0000002142","Potamogeton compressus","Potamogetonaceae","Plantae"
"Oenanthe fistulosa","NBNSYS0000003689","Oenanthe fistulosa","Apiaceae","Plantae"
"Epipactis palustris","NHMSYS0000458452","Epipactis palustris","Orchidaceae","Plantae"
"Geranium sanguineum","NBNSYS0000003153","Geranium sanguineum","Geraniaceae","Plantae"
"Phragmites australis","NHMSYS0000461214","Phragmites australis","Poaceae","Plantae"
"Sphagnum flexuosum","NHMSYS0000310668","Sphagnum flexuosum","Sphagnaceae","Plantae"
"Milium effusum","NBNSYS0000002663","Milium effusum","Poaceae","Plantae"
"Chara aspera","NHMSYS0021059035","Chara aspera","Characeae","Plantae"
"Cardamine amara","NBNSYS0000002873","Cardamine amara","Brassicaceae","Plantae"
"Butomus umbellatus","NBNSYS0000002108","Butomus umbellatus","Butomaceae","Plantae"
"Deschampsia flexuosa","NBNSYS0000002623","Deschampsia flexuosa","Poaceae","Plantae"
"Dryopteris oreades","NBNSYS0000002065","Dryopteris oreades","Dryopteridaceae","Plantae"
"Spergula arvensis","NBNSYS0000003066","Spergula arvensis","Caryophyllaceae","Plantae"
"Viola tricolor","NBNSYS0000002944","Viola tricolor","Violaceae","Plantae"
"Lycopodium clavatum","NBNSYS0000002003","Lycopodium clavatum","Lycopodiaceae","Plantae"
"Epilobium palustre","NBNSYS0000003584","Epilobium palustre","Onagraceae","Plantae"
"Rhinanthus minor","NBNSYS0000004135","Rhinanthus minor","Orobanchaceae","Plantae"
"Eriophorum latifolium","NBNSYS0000002374","Eriophorum latifolium","Cyperaceae","Plantae"
"Dryopteris affinis","NHMSYS0000458170","Dryopteris affinis","Dryopteridaceae","Plantae"
"Sphagnum angustifolium","NHMSYS0000310654","Sphagnum angustifolium","Sphagnaceae","Plantae"
"Paris quadrifolia","NBNSYS0000002190","Paris quadrifolia","Melanthiaceae","Plantae"
"Myosotis ramosissima","NBNSYS0000004014","Myosotis ramosissima","Boraginaceae","Plantae"
"Juncus squarrosus","NBNSYS0000002210","Juncus squarrosus","Juncaceae","Plantae"
"Viola palustris","NBNSYS0000002939","Viola palustris","Violaceae","Plantae"
"Dactylorhiza incarnata","NHMSYS0000457908","Dactylorhiza incarnata","Orchidaceae","Plantae"
"Hymenophyllum wilsonii","NBNSYS0000002030","Hymenophyllum wilsonii","Hymenophyllaceae","Plantae"
"Veronica scutellata","NBNSYS0000004101","Veronica scutellata","Plantaginaceae","Plantae"
"Glebionis segetum","NHMSYS0020110561","Glebionis segetum","Asteraceae","Plantae"
"Odontoschisma sphagni","NHMSYS0000310239","Odontoschisma sphagni","Cephaloziaceae","Plantae"
"Sphagnum palustre","NBNSYS0000036070","Sphagnum palustre","Sphagnaceae","Plantae"
"Hypopitys monotropa","NHMSYS0021240704","Hypopitys monotropa","Ericaceae","Plantae"
"Bromopsis erecta","NHMSYS0000456650","Bromopsis erecta","Poaceae","Plantae"
"Lythrum portula","NHMSYS0000460546","Lythrum portula","Lythraceae","Plantae"
"Alopecurus aequalis","NBNSYS0000002659","Alopecurus aequalis","Poaceae","Plantae"
"Aphanes australis","NBNSYS0100001604","Aphanes australis","Rosaceae","Plantae"
"Sorbus torminalis","NBNSYS0000003460","Sorbus torminalis","Rosaceae","Plantae"
"Persicaria minor","NHMSYS0000461606","Persicaria minor","Polygonaceae","Plantae"
"Comarum palustre","NBNSYS0000003338","Potentilla palustris","Rosaceae","Plantae"
"Solidago virgaurea","NBNSYS0000004417","Solidago virgaurea","Asteraceae","Plantae"
"Dipsacus pilosus","NBNSYS0000004348","Dipsacus pilosus","Caprifoliaceae","Plantae"
"Avenula pubescens","NHMSYS0000459280","Helictotrichon pubescens","Poaceae","Plantae"
"Bromus racemosus","NBNSYS0000002585","Bromus racemosus","Poaceae","Plantae"
"Riccia canaliculata","NBNSYS0000036053","Riccia canaliculata","Ricciaceae","Plantae"
"Carex acuta","NBNSYS0000002457","Carex acuta","Cyperaceae","Plantae"
"Euonymus europaeus","NBNSYS0000003195","Euonymus europaeus","Celastraceae","Plantae"
"Astragalus glycyphyllos","NBNSYS0000003269","Astragalus glycyphyllos","Fabaceae","Plantae"
"Salix x multinervis","NHMSYS0001754402","Salix cinerea x aurita = S. x multinervis","Salicaceae","Plantae"
"Carex laevigata","NHMSYS0000456866","Carex laevigata","Cyperaceae","Plantae"
"Eriophorum vaginatum","NBNSYS0000002375","Eriophorum vaginatum","Cyperaceae","Plantae"
"Gentiana pneumonanthe","NBNSYS0000003966","Gentiana pneumonanthe","Gentianaceae","Plantae"
"Leucobryum juniperoideum","NHMSYS0021597987","Leucobryum juniperoideum","Leucobryaceae","Plantae"
"Littorella uniflora","NBNSYS0000004280","Littorella uniflora","Plantaginaceae","Plantae"
"Echium vulgare","NBNSYS0000004019","Echium vulgare","Boraginaceae","Plantae"
"Sphagnum pulchrum","NHMSYS0000310683","Sphagnum pulchrum","Sphagnaceae","Plantae"
"Potamogeton praelongus","NBNSYS0000002133","Potamogeton praelongus","Potamogetonaceae","Plantae"
"Euphrasia officinalis","NHMSYS0021127699","Euphrasia officinalis","Orobanchaceae","Plantae"
"Spergularia rubra","NHMSYS0000463883","Spergularia rubra","Caryophyllaceae","Plantae"
"Carex dioica","NHMSYS0000456843","Carex dioica","Cyperaceae","Plantae"
"Ranunculus omiophyllus","NBNSYS0000002723","Ranunculus omiophyllus","Ranunculaceae","Plantae"
"Sphagnum teres","NHMSYS0000310702","Sphagnum teres","Sphagnaceae","Plantae"
"Gymnadenia conopsea","NHMSYS0000459168","Gymnadenia conopsea","Orchidaceae","Plantae"
"Elatine hexandra","NBNSYS0000002983","Elatine hexandra","Elatinaceae","Plantae"
"Salix repens","NBNSYS0000003877","Salix repens","Salicaceae","Plantae"
"Carex digitata","NBNSYS0000002449","Carex digitata","Cyperaceae","Plantae"
"Agrostis canina","NHMSYS0000455671","Agrostis canina","Poaceae","Plantae"
"Neottia ovata","NHMSYS0021005429","Neottia ovata","Orchidaceae","Plantae"
"Eriophorum angustifolium","NBNSYS0000002372","Eriophorum angustifolium","Cyperaceae","Plantae"
"Vaccinium vitis-idaea","NBNSYS0000003914","Vaccinium vitis-idaea","Ericaceae","Plantae"
"Allium ursinum","NBNSYS0000002205","Allium ursinum","Amaryllidaceae","Plantae"
"Melampyrum pratense","NBNSYS0000004138","Melampyrum pratense","Orobanchaceae","Plantae"
"Carex panicea","NBNSYS0000002436","Carex panicea","Cyperaceae","Plantae"
"Pedicularis sylvatica","NBNSYS0000004131","Pedicularis sylvatica","Orobanchaceae","Plantae"
"Vicia sylvatica","NBNSYS0000003289","Vicia sylvatica","Fabaceae","Plantae"
"Platanthera bifolia","NBNSYS0000002313","Platanthera bifolia","Orchidaceae","Plantae"
"Limosella aquatica","NBNSYS0000004089","Limosella aquatica","Scrophulariaceae","Plantae"
"Salix aurita","NBNSYS0000003874","Salix aurita","Salicaceae","Plantae"
"Ranunculus penicillatus","NBNSYS0000002733","Ranunculus penicillatus","Ranunculaceae","Plantae"
"Carex paniculata","NBNSYS0000002464","Carex paniculata","Cyperaceae","Plantae"
"Jasione montana","NBNSYS0000004297","Jasione montana","Campanulaceae","Plantae"
"Sphagnum subsecundum","NBNSYS0000189252","Sphagnum subsecundum","Sphagnaceae","Plantae"
"Sphagnum subnitens","NHMSYS0000310691","Sphagnum subnitens","Sphagnaceae","Plantae"
"Erica cinerea","NBNSYS0000003909","Erica cinerea","Ericaceae","Plantae"
"Scabiosa columbaria","NBNSYS0000004350","Scabiosa columbaria","Caprifoliaceae","Plantae"
"Orobanche rapum-genistae","NBNSYS0000004173","Orobanche rapum-genistae","Orobanchaceae","Plantae"
"Erica tetralix","NBNSYS0000003903","Erica tetralix","Ericaceae","Plantae"
"Drosera intermedia","NBNSYS0000003522","Drosera intermedia","Droseraceae","Plantae"
"Sphagnum cuspidatum","NBNSYS0000036095","Sphagnum cuspidatum","Sphagnaceae","Plantae"
"Blackstonia perfoliata","NHMSYS0000456502","Blackstonia perfoliata","Gentianaceae","Plantae"
"Hypericum montanum","NBNSYS0000002968","Hypericum montanum","Hypericaceae","Plantae"
"Convallaria majalis","NBNSYS0000002161","Convallaria majalis","Asparagaceae","Plantae"
"Anthyllis vulneraria","NBNSYS0000003255","Anthyllis vulneraria","Fabaceae","Plantae"
"Ranunculus trichophyllus","NBNSYS0000002727","Ranunculus trichophyllus","Ranunculaceae","Plantae"
"Adoxa moschatellina","NBNSYS0000004336","Adoxa moschatellina","Adoxaceae","Plantae"
"Hylotelephium telephium","NBNSYS0000003467","Sedum telephium","Crassulaceae","Plantae"
"Scleranthus annuus","NBNSYS0000004587","Scleranthus annuus","Caryophyllaceae","Plantae"
"Epipactis helleborine","NBNSYS0000002289","Epipactis helleborine","Orchidaceae","Plantae"
"Hordelymus europaeus","NHMSYS0000459739","Hordelymus europaeus","Poaceae","Plantae"
"Viola lutea","NHMSYS0000464889","Viola lutea","Violaceae","Plantae"
"Carex vesicaria","NBNSYS0000002427","Carex vesicaria","Cyperaceae","Plantae"
"Gymnadenia borealis","NHMSYS0000459167","Gymnadenia borealis","Orchidaceae","Plantae"
"Neottia nidus-avis","NBNSYS0000002301","Neottia nidus-avis","Orchidaceae","Plantae"
"Festuca altissima","NBNSYS0000002511","Festuca altissima","Poaceae","Plantae"
"Carex demissa x C. hostiana","NBNSYS0100009871","Carex demissa x C. hostiana","Cyperaceae","Plantae"
"Carex demissa","NHMSYS0000456908","Carex viridula subsp. oedocarpa","Cyperaceae","Plantae"
"Hypericum elodes","NBNSYS0000002969","Hypericum elodes","Hypericaceae","Plantae"
"Carex binervis","NHMSYS0000456834","Carex binervis","Cyperaceae","Plantae"
"Sphagnum contortum","NBNSYS0000036094","Sphagnum contortum","Sphagnaceae","Plantae"
"Osmunda regalis","NBNSYS0000002027","Osmunda regalis","Osmundaceae","Plantae"
"Sphagnum russowii","NBNSYS0000036076","Sphagnum russowii","Sphagnaceae","Plantae"
"Veronica catenata","NBNSYS0000004099","Veronica catenata","Plantaginaceae","Plantae"
"Bazzania trilobata","NHMSYS0000309433","Bazzania trilobata","Lepidoziaceae","Plantae"
"Ricciocarpos natans","NHMSYS0000310456","Ricciocarpos natans","Ricciaceae","Plantae"
"Genista anglica","NBNSYS0000003207","Genista anglica","Fabaceae","Plantae"
"Lamium hybridum","NHMSYS0000460083","Lamium hybridum","Lamiaceae","Plantae"
"Dactylorhiza x transiens","NHMSYS0001754647","Dactylorhiza fuchsii x maculata = D. x transiens","Orchidaceae","Plantae"
"Hydrocotyle vulgaris","NBNSYS0000003633","Hydrocotyle vulgaris","Araliaceae","Plantae"
"Clinopodium ascendens","NHMSYS0000457382","Clinopodium ascendens","Lamiaceae","Plantae"
"Typha angustifolia","NBNSYS0000002370","Typha angustifolia","Typhaceae","Plantae"
"Aneura pinguis","NHMSYS0000309344","Aneura pinguis","Aneuraceae","Plantae"
"Briza media","NBNSYS0000002565","Briza media","Poaceae","Plantae"
"Elymus caninus","NBNSYS0000002594","Elymus caninus","Poaceae","Plantae"
"Bidens cernua","NBNSYS0000004354","Bidens cernua","Asteraceae","Plantae"
"Bromopsis ramosa","NHMSYS0000456655","Bromopsis ramosa","Poaceae","Plantae"
"Montia fontana","NBNSYS0000003074","Montia fontana","Montiaceae","Plantae"
"Sphagnum capillifolium","NHMSYS0021600417","Sphagnum capillifolium","Sphagnaceae","Plantae"
"Myrica gale","NBNSYS0000003631","Myrica gale","Myricaceae","Plantae"
"Campanula trachelium","NBNSYS0000004283","Campanula trachelium","Campanulaceae","Plantae"
"Spirodela polyrhiza","NHMSYS0000463934","Spirodela polyrhiza","Araceae","Plantae"
"Sphagnum squarrosum","NBNSYS0000036072","Sphagnum squarrosum","Sphagnaceae","Plantae"
"Carex muricata ssp. muricata","NHMSYS0000456873","Carex muricata subsp. muricata","Cyperaceae","Plantae"
"Galium uliginosum","NBNSYS0000004317","Galium uliginosum","Rubiaceae","Plantae"
"Oenanthe aquatica","NHMSYS0000461142","Oenanthe aquatica","Apiaceae","Plantae"
"Ornithopus perpusillus","NBNSYS0000003274","Ornithopus perpusillus","Fabaceae","Plantae"
"Sphagnum platyphyllum","NHMSYS0000310681","Sphagnum platyphyllum","Sphagnaceae","Plantae"
"Ceratocapnos claviculata","NHMSYS0000457085","Ceratocapnos claviculata","Papaveraceae","Plantae"
"Parnassia palustris","NBNSYS0000003512","Parnassia palustris","Celastraceae","Plantae"
"Danthonia decumbens","NBNSYS0000002500","Danthonia decumbens","Poaceae","Plantae"
"Valeriana dioica","NBNSYS0000004345","Valeriana dioica","Caprifoliaceae","Plantae"
"Genista tinctoria","NBNSYS0000003206","Genista tinctoria","Fabaceae","Plantae"
"Veronica montana","NBNSYS0000004103","Veronica montana","Plantaginaceae","Plantae"
"Carex diandra","NBNSYS0000002466","Carex diandra","Cyperaceae","Plantae"
"Zannichellia palustris","NBNSYS0000002150","Zannichellia palustris","Potamogetonaceae","Plantae"
"Dactylorhiza maculata","NHMSYS0000457923","Dactylorhiza maculata","Orchidaceae","Plantae"
"Calamagrostis canescens","NHMSYS0000456750","Calamagrostis canescens","Poaceae","Plantae"
"Tilia platyphyllos","NBNSYS0000003127","Tilia platyphyllos","Malvaceae","Plantae"
"Gagea lutea","NHMSYS0000458926","Gagea lutea","Liliaceae","Plantae"
"Stellaria pallida","NHMSYS0000464011","Stellaria pallida","Caryophyllaceae","Plantae"
"Hieracium cinderella","NHMSYS0000840926","Hieracium cinderella","Asteraceae","Plantae"
"Ranunculus circinatus","NBNSYS0000002726","Ranunculus circinatus","Ranunculaceae","Plantae"
"Rumex hydrolapathum","NHMSYS0000462978","Rumex hydrolapathum","Polygonaceae","Plantae"
"Eleocharis multicaulis","NHMSYS0000458302","Eleocharis multicaulis","Cyperaceae","Plantae"
"Cirsium eriophorum","NBNSYS0000004489","Cirsium eriophorum","Asteraceae","Plantae"
"Carex disticha","NHMSYS0000456844","Carex disticha","Cyperaceae","Plantae"
"Huperzia selago","NHMSYS0000459776","Huperzia selago","Lycopodiaceae","Plantae"
"Logfia minima","NHMSYS0000458842","Filago minima","Asteraceae","Plantae"
"Sagittaria sagittifolia","NBNSYS0000002105","Sagittaria sagittifolia","Alismataceae","Plantae"
"Carex montana","NBNSYS0000002447","Carex montana","Cyperaceae","Plantae"
"Oreopteris limbosperma","NHMSYS0000461356","Oreopteris limbosperma","Thelypteridaceae","Plantae"
"Rhynchospora alba","NBNSYS0000002407","Rhynchospora alba","Cyperaceae","Plantae"
"Cynoglossum officinale","NBNSYS0000003980","Cynoglossum officinale","Boraginaceae","Plantae"
"Sphagnum tenellum","NHMSYS0000310701","Sphagnum tenellum","Sphagnaceae","Plantae"
"Veronica officinalis","NBNSYS0000004102","Veronica officinalis","Plantaginaceae","Plantae"
"Eleogiton fluitans","NBNSYS0000002392","Eleogiton fluitans","Cyperaceae","Plantae"
"Carex oederi","NHMSYS0000456911","Carex viridula subsp. viridula","Cyperaceae","Plantae"
"Polypodium cambricum","NBNSYS0000002086","Polypodium cambricum","Polypodiaceae","Plantae"
"Trichomanes speciosum","NBNSYS0000002028","Trichomanes speciosum","Hymenophyllaceae","Plantae"
"Carex hostiana","NBNSYS0000002415","Carex hostiana","Cyperaceae","Plantae"
"Lepidium heterophyllum","NBNSYS0000002830","Lepidium heterophyllum","Brassicaceae","Plantae"
"Origanum vulgare","NBNSYS0000004207","Origanum vulgare","Lamiaceae","Plantae"
"Sphagnum papillosum","NBNSYS0000036069","Sphagnum papillosum","Sphagnaceae","Plantae"
"Circaea x intermedia","NBNSYS0000161511","Circaea lutetiana x alpina = C. x intermedia","Onagraceae","Plantae"
"Rhytidiadelphus loreus","NBNSYS0000022281","Rhytidiadelphus loreus","Hylocomiaceae","Plantae"
"Rhodobryum roseum","NBNSYS0000036640","Rhodobryum roseum","Bryaceae","Plantae"
"Salix pentandra","NBNSYS0000003858","Salix pentandra","Salicaceae","Plantae"
"Lepidium campestre","NHMSYS0000460248","Lepidium campestre","Brassicaceae","Plantae"
"Carex lepidocarpa","NHMSYS0000456906","Carex viridula subsp. brachyrrhyncha","Cyperaceae","Plantae"
"Samolus valerandi","NBNSYS0000003947","Samolus valerandi","Primulaceae","Plantae"
"Achillea ptarmica","NBNSYS0000004453","Achillea ptarmica","Asteraceae","Plantae"
"Euphrasia micrantha","NHMSYS0000458669","Euphrasia micrantha","Orobanchaceae","Plantae"
"Potamogeton obtusifolius","NHMSYS0000461997","Potamogeton obtusifolius","Potamogetonaceae","Plantae"
"Carex sylvatica","NHMSYS0000456899","Carex sylvatica","Cyperaceae","Plantae"
"Betonica officinalis","NHMSYS0000463975","Stachys officinalis","Lamiaceae","Plantae"
"Carex canescens","NHMSYS0021128332","Carex canescens","Cyperaceae","Plantae"
"Carex pilulifera","NBNSYS0000002444","Carex pilulifera","Cyperaceae","Plantae"
"Ophioglossum vulgatum","NBNSYS0000002095","Ophioglossum vulgatum","Ophioglossaceae","Plantae"
"Poterium sanguisorba","NHMSYS0000462046","Poterium sanguisorba","Rosaceae","Plantae"
"Platanthera chlorantha","NHMSYS0000461774","Platanthera chlorantha","Orchidaceae","Plantae"
"Stachys arvensis","NBNSYS0000004231","Stachys arvensis","Lamiaceae","Plantae"
"Euphorbia amygdaloides","NBNSYS0000003741","Euphorbia amygdaloides","Euphorbiaceae","Plantae"
"Utricularia minor","NBNSYS0000004190","Utricularia minor","Lentibulariaceae","Plantae"
"Erophila majuscula","NHMSYS0000458580","Erophila majuscula","Brassicaceae","Plantae"
"Nardus stricta","NBNSYS0000002676","Nardus stricta","Poaceae","Plantae"
"Hypochaeris glabra","NBNSYS0000004519","Hypochaeris glabra","Asteraceae","Plantae"
"Equisetum sylvaticum","NBNSYS0000002020","Equisetum sylvaticum","Equisetaceae","Plantae"
"Sparganium natans","NBNSYS0000002368","Sparganium natans","Typhaceae","Plantae"
"Luzula sylvatica","NHMSYS0000460501","Luzula sylvatica","Juncaceae","Plantae"
"Sagina nodosa","NBNSYS0000003051","Sagina nodosa","Caryophyllaceae","Plantae"
"Galium odoratum","NBNSYS0000004306","Galium odoratum","Rubiaceae","Plantae"
"Juncus subnodulosus","NBNSYS0000002229","Juncus subnodulosus","Juncaceae","Plantae"
"Carex caryophyllea","NHMSYS0000456837","Carex caryophyllea","Cyperaceae","Plantae"
"Leontodon saxatilis","NBNSYS0000004524","Leontodon saxatilis","Asteraceae","Plantae"
"Salix cinerea","NBNSYS0000003871","Salix cinerea","Salicaceae","Plantae"
"Thymus pulegioides","NBNSYS0000004208","Thymus pulegioides","Lamiaceae","Plantae"
"Drosera rotundifolia","NBNSYS0000003519","Drosera rotundifolia","Droseraceae","Plantae"
"Nuphar pumila","NBNSYS0000002759","Nuphar pumila","Nymphaeaceae","Plantae"
"Chara hispida","NHMSYS0000494016","Chara hispida","Characeae","Plantae"
"Hyacinthoides non-scripta","NBNSYS0000002185","Hyacinthoides non-scripta","Asparagaceae","Plantae"
"Lathyrus linifolius","NHMSYS0000460181","Lathyrus linifolius","Fabaceae","Plantae"
"Juncus foliosus","NBNSYS0000002219","Juncus foliosus","Juncaceae","Plantae"
"Crepis paludosa","NBNSYS0000004578","Crepis paludosa","Asteraceae","Plantae"
"Dryopteris carthusiana","NHMSYS0000458183","Dryopteris carthusiana","Dryopteridaceae","Plantae"
"Carex pallescens","NBNSYS0000002434","Carex pallescens","Cyperaceae","Plantae"
"Cirsium dissectum","NBNSYS0000004496","Cirsium dissectum","Asteraceae","Plantae"
"Hordeum secalinum","NHMSYS0000459754","Hordeum secalinum","Poaceae","Plantae"
"Spiranthes spiralis","NHMSYS0000463932","Spiranthes spiralis","Orchidaceae","Plantae"
"Polystichum aculeatum","NBNSYS0000002074","Polystichum aculeatum","Dryopteridaceae","Plantae"
"Lysimachia tenella","NBNSYS0000003942","Anagallis tenella","Primulaceae","Plantae"
"Trollius europaeus","NBNSYS0000002692","Trollius europaeus","Ranunculaceae","Plantae"
"Molinia caerulea","NBNSYS0000002499","Molinia caerulea","Poaceae","Plantae"
"Carex pseudocyperus","NBNSYS0000002425","Carex pseudocyperus","Cyperaceae","Plantae"
"Dactylorhiza purpurella","NHMSYS0000457952","Dactylorhiza purpurella","Orchidaceae","Plantae"
"Thelypteris palustris","NBNSYS0000002081","Thelypteris palustris","Thelypteridaceae","Plantae"
"Colchicum autumnale","NBNSYS0000002189","Colchicum autumnale","Colchicaceae","Plantae"
"Vaccinium oxycoccos","NBNSYS0000003918","Vaccinium oxycoccos","Ericaceae","Plantae"
"Bidens tripartita","NBNSYS0000004355","Bidens tripartita","Asteraceae","Plantae"
"Hookeria lucens","NBNSYS0000036752","Hookeria lucens","Hookeriaceae","Plantae"
"Polystichum setiferum","NHMSYS0000461949","Polystichum setiferum","Dryopteridaceae","Plantae"
"Anacamptis morio","NHMSYS0000455893","Anacamptis morio","Orchidaceae","Plantae"
"Bromopsis benekenii","NBNSYS0000002573","Bromopsis benekenii","Poaceae","Plantae"
"Triglochin palustris","NBNSYS0000002120","Triglochin palustre","Juncaginaceae","Plantae"
"Geranium sylvaticum","NBNSYS0000003148","Geranium sylvaticum","Geraniaceae","Plantae"
"Rosa spinosissima","NHMSYS0000462483","Rosa spinosissima","Rosaceae","Plantae"
"Dryopteris cambrensis","NHMSYS0000458182","Dryopteris cambrensis","Dryopteridaceae","Plantae"
"Sphagnum magellanicum","NHMSYS0021239440","Sphagnum magellanicum","Sphagnaceae","Plantae"
"Vicia lathyroides","NBNSYS0000003295","Vicia lathyroides","Fabaceae","Plantae"
"Carex echinata","NBNSYS0000002482","Carex echinata","Cyperaceae","Plantae"
"Hypericum pulchrum","NBNSYS0000002966","Hypericum pulchrum","Hypericaceae","Plantae"
"Anacamptis pyramidalis","NBNSYS0000002347","Anacamptis pyramidalis","Orchidaceae","Plantae"
"Stellaria aquatica","NBNSYS0000003028","Myosoton aquaticum","Caryophyllaceae","Plantae"
"Eleocharis acicularis","NHMSYS0000458301","Eleocharis acicularis","Cyperaceae","Plantae"
"Euphrasia nemorosa","NBNSYS0000004155","Euphrasia nemorosa","Orobanchaceae","Plantae"
"Torilis nodosa","NHMSYS0000464493","Torilis nodosa","Apiaceae","Plantae"
"Callitriche hermaphroditica","NBNSYS0000003620","Callitriche hermaphroditica","Plantaginaceae","Plantae"
"Luzula pilosa","NBNSYS0000002239","Luzula pilosa","Juncaceae","Plantae"
"Anemone nemorosa","NBNSYS0000002700","Anemone nemorosa","Ranunculaceae","Plantae"
"Myosotis discolor","NBNSYS0000004013","Myosotis discolor","Boraginaceae","Plantae"
"Cerastium semidecandrum","NBNSYS0000003027","Cerastium semidecandrum","Caryophyllaceae","Plantae"
"Erodium maritimum","NHMSYS0000458573","Erodium maritimum","Geraniaceae","Plantae"
"Tilia cordata","NHMSYS0000464454","Tilia cordata","Malvaceae","Plantae"
"Agrimonia procera","NBNSYS0000003367","Agrimonia procera","Rosaceae","Plantae"
"Stellaria neglecta","NBNSYS0000003034","Stellaria neglecta","Caryophyllaceae","Plantae"
"Succisa pratensis","NBNSYS0000004352","Succisa pratensis","Caprifoliaceae","Plantae"
"Trisetum flavescens","NHMSYS0000464618","Trisetum flavescens","Poaceae","Plantae"
"Gnaphalium sylvaticum","NBNSYS0000004408","Gnaphalium sylvaticum","Asteraceae","Plantae"
"Ranunculus arvensis","NBNSYS0000002712","Ranunculus arvensis","Ranunculaceae","Plantae"
"Scutellaria galericulata","NBNSYS0000004259","Scutellaria galericulata","Lamiaceae","Plantae"
"Alisma lanceolatum","NBNSYS0000002102","Alisma lanceolatum","Alismataceae","Plantae"
"Campanula latifolia","NBNSYS0000004282","Campanula latifolia","Campanulaceae","Plantae"
"Polygala serpyllifolia","NHMSYS0000461832","Polygala serpyllifolia","Polygalaceae","Plantae"
"Veronica anagallis-aquatica","NBNSYS0000004097","Veronica anagallis-aquatica","Plantaginaceae","Plantae"
"Daphne laureola","NBNSYS0000003531","Daphne laureola","Thymelaeaceae","Plantae"
"Calluna vulgaris","NBNSYS0000003902","Calluna vulgaris","Ericaceae","Plantae"
"Orchis mascula","NBNSYS0000002326","Orchis mascula","Orchidaceae","Plantae"
"Lysimachia vulgaris","NBNSYS0000003936","Lysimachia vulgaris","Primulaceae","Plantae"
"Melica nutans","NBNSYS0000002569","Melica nutans","Poaceae","Plantae"
"Equisetum fluviatile","NBNSYS0000002016","Equisetum fluviatile","Equisetaceae","Plantae"
"Sphagnum quinquefarium","NHMSYS0000310684","Sphagnum quinquefarium","Sphagnaceae","Plantae"
"Viola hirta","NBNSYS0000002926","Viola hirta","Violaceae","Plantae"
"Stachys palustris","NBNSYS0000004234","Stachys palustris","Lamiaceae","Plantae"
